,writer,book,birth,min_bookDate
0,http://dbpedia.org/resource/Alan_E._Nourse,http://dbpedia.org/resource/The_Bladerunner,1928,1974
1,http://dbpedia.org/resource/Jon_Scieszka,http://dbpedia.org/resource/Guys_Write_for_Guys_Read;http://dbpedia.org/resource/Math_Curse;http://dbpedia.org/resource/Science_Verse;http://dbpedia.org/resource/Squids_Will_Be_Squids;http://dbpedia.org/resource/The_Stinky_Cheese_Man_and_Other_Fairly_Stupid_Tales;http://dbpedia.org/resource/The_True_Story_of_the_Three_Little_Pigs;http://dbpedia.org/resource/Baloney_(Henry_P.);http://dbpedia.org/resource/Seen_Art%3F,1954,1989
2,http://dbpedia.org/resource/Alex_Flinn,http://dbpedia.org/resource/Breaking_Point_(novel),1966,2002
3,http://dbpedia.org/resource/Alexander_McCall_Smith,http://dbpedia.org/resource/Morality_for_Beautiful_Girls;http://dbpedia.org/resource/Tears_of_the_Giraffe;http://dbpedia.org/resource/The_Good_Husband_of_Zebra_Drive;http://dbpedia.org/resource/The_Kalahari_Typing_School_for_Men;http://dbpedia.org/resource/The_Miracle_at_Speedy_Motors;http://dbpedia.org/resource/The_No._1_Ladies'_Detective_Agency_(novel),1948,1998
4,http://dbpedia.org/resource/Alicia_Ostriker,http://dbpedia.org/resource/The_Mother/Child_Papers,1937,1980
5,http://dbpedia.org/resource/Chris_Bohjalian,http://dbpedia.org/resource/Midwives_(novel),1962,1997
6,http://dbpedia.org/resource/Dan_Brown,http://dbpedia.org/resource/Deception_Point;http://dbpedia.org/resource/The_Da_Vinci_Code,1964,2001
7,http://dbpedia.org/resource/David_Foster_Wallace,http://dbpedia.org/resource/Girl_with_Curious_Hair,1962,1989
8,http://dbpedia.org/resource/Harlan_Coben,http://dbpedia.org/resource/Long_Lost;http://dbpedia.org/resource/Back_Spin_(novel);http://dbpedia.org/resource/Fade_Away_(Coben_novel);http://dbpedia.org/resource/One_False_Move_(Coben_novel),1962,1997
9,http://dbpedia.org/resource/Scott_Turow,http://dbpedia.org/resource/One_L;http://dbpedia.org/resource/Personal_Injuries;http://dbpedia.org/resource/Pleading_Guilty;http://dbpedia.org/resource/Reversible_Errors;http://dbpedia.org/resource/The_Burden_of_Proof;http://dbpedia.org/resource/The_Laws_of_Our_Fathers;http://dbpedia.org/resource/Ultimate_Punishment;http://dbpedia.org/resource/Limitations_(novel);http://dbpedia.org/resource/Ordinary_Heroes_(novel);http://dbpedia.org/resource/Presumed_Innocent_(novel),1949,1977
10,http://dbpedia.org/resource/Amitav_Ghosh,http://dbpedia.org/resource/The_Calcutta_Chromosome;http://dbpedia.org/resource/The_Hungry_Tide,1956,1995
11,http://dbpedia.org/resource/Andy_Lane,http://dbpedia.org/resource/All-Consuming_Fire;http://dbpedia.org/resource/The_Banquo_Legacy;http://dbpedia.org/resource/The_Empire_of_Glass,1963,1994
12,http://dbpedia.org/resource/Anita_Desai,"http://dbpedia.org/resource/Fasting,_Feasting",1937,1999
13,http://dbpedia.org/resource/Anne_Fine,http://dbpedia.org/resource/Madame_Doubtfire,1947,1987
14,http://dbpedia.org/resource/Anne_Tyler,http://dbpedia.org/resource/A_Patchwork_Planet;http://dbpedia.org/resource/Breathing_Lessons;http://dbpedia.org/resource/If_Morning_Ever_Comes;http://dbpedia.org/resource/Ladder_of_Years;http://dbpedia.org/resource/Saint_Maybe;http://dbpedia.org/resource/The_Amateur_Marriage;http://dbpedia.org/resource/The_Clock_Winder;http://dbpedia.org/resource/The_Tin_Can_Tree;http://dbpedia.org/resource/A_Slipping-Down_Life_(novel);http://dbpedia.org/resource/Celestial_Navigation_(novel);http://dbpedia.org/resource/Earthly_Possessions_(novel);http://dbpedia.org/resource/Morgan's_Passing;http://dbpedia.org/resource/Noah's_Compass;http://dbpedia.org/resource/The_Beginner's_Goodbye,1941,1964
15,http://dbpedia.org/resource/Anthony_Horowitz,http://dbpedia.org/resource/Stormbreaker;http://dbpedia.org/resource/Oblivion_(Power_of_Five);http://dbpedia.org/resource/The_Falcon's_Malteser,1955,1986
16,http://dbpedia.org/resource/Rod_Serling,"http://dbpedia.org/resource/Rod_Serling's_Devils_and_Demons;http://dbpedia.org/resource/Rod_Serling's_Triple_W:_Witches,_Warlocks_and_Werewolves",1924,1963
17,http://dbpedia.org/resource/Anton_Myrer,http://dbpedia.org/resource/Once_An_Eagle,1922,1968
18,http://dbpedia.org/resource/Arthur_C._Clarke,"http://dbpedia.org/resource/A_Fall_of_Moondust;http://dbpedia.org/resource/Against_the_Fall_of_Night;http://dbpedia.org/resource/Earthlight;http://dbpedia.org/resource/Expedition_to_Earth;http://dbpedia.org/resource/Glide_Path;http://dbpedia.org/resource/Islands_in_the_Sky;http://dbpedia.org/resource/More_Than_One_Universe;http://dbpedia.org/resource/Of_Time_and_Stars;http://dbpedia.org/resource/Prelude_to_Space;http://dbpedia.org/resource/Reach_for_Tomorrow;http://dbpedia.org/resource/Rendezvous_with_Rama;http://dbpedia.org/resource/Tales_from_Planet_Earth;http://dbpedia.org/resource/Tales_from_the_White_Hart;http://dbpedia.org/resource/Tales_of_Ten_Worlds;http://dbpedia.org/resource/The_Best_of_Arthur_C._Clarke;http://dbpedia.org/resource/The_Case_for_Mars;http://dbpedia.org/resource/The_City_and_the_Stars;http://dbpedia.org/resource/The_Collected_Stories_of_Arthur_C._Clarke;http://dbpedia.org/resource/The_Deep_Range;http://dbpedia.org/resource/The_Ghost_from_the_Grand_Banks;http://dbpedia.org/resource/The_Lion_of_Comarre_and_Against_the_Fall_of_Night;http://dbpedia.org/resource/The_Other_Side_of_the_Sky;http://dbpedia.org/resource/The_Sands_of_Mars;http://dbpedia.org/resource/The_Songs_of_Distant_Earth;http://dbpedia.org/resource/The_Trigger;http://dbpedia.org/resource/The_View_from_Serendip;http://dbpedia.org/resource/The_Wind_from_the_Sun;http://dbpedia.org/resource/2001:_A_Space_Odyssey_(novel);http://dbpedia.org/resource/2010:_Odyssey_Two;http://dbpedia.org/resource/2061:_Odyssey_Three;http://dbpedia.org/resource/An_Encyclopedia_of_Claims,_Frauds,_and_Hoaxes_of_the_Occult_and_Supernatural;http://dbpedia.org/resource/Childhood's_End;http://dbpedia.org/resource/Cradle_(novel);http://dbpedia.org/resource/Dolphin_Island_(novel);http://dbpedia.org/resource/Rama_II_(novel);http://dbpedia.org/resource/The_Hammer_of_God_(Clarke_novel);http://dbpedia.org/resource/The_Nine_Billion_Names_of_God_(collection);http://dbpedia.org/resource/The_Sentinel_(anthology)",1917,1951
19,http://dbpedia.org/resource/Ashwin_Sanghi,http://dbpedia.org/resource/The_Krishna_Key;http://dbpedia.org/resource/Chanakya's_Chant,1969,2010
20,http://dbpedia.org/resource/Daniel_Pinkwater,http://dbpedia.org/resource/Borgel;http://dbpedia.org/resource/Slaves_of_Spiegel;http://dbpedia.org/resource/The_Worms_of_Kukumlima,1941,1981
21,http://dbpedia.org/resource/Jhumpa_Lahiri,http://dbpedia.org/resource/Interpreter_of_Maladies;http://dbpedia.org/resource/Unaccustomed_Earth,1967,1999
22,http://dbpedia.org/resource/Lydia_Davis,http://dbpedia.org/resource/Varieties_of_Disturbance,1947,2007
23,http://dbpedia.org/resource/Suki_Kim,http://dbpedia.org/resource/The_Interpreter_(Kim_novel),1970,2003
24,http://dbpedia.org/resource/Thomas_Harris,http://dbpedia.org/resource/Black_Sunday_(novel);http://dbpedia.org/resource/Red_Dragon_(novel);http://dbpedia.org/resource/The_Silence_of_the_Lambs_(novel),1940,1975
25,http://dbpedia.org/resource/Ben_Lerner,http://dbpedia.org/resource/Leaving_the_Atocha_Station;http://dbpedia.org/resource/10:04,1979,2011
26,http://dbpedia.org/resource/Ben_Marcus,http://dbpedia.org/resource/Notable_American_Women,1967,2002
27,http://dbpedia.org/resource/Berton_Roueché,http://dbpedia.org/resource/Eleven_Blue_Men,1910,1953
28,http://dbpedia.org/resource/Tim_LaHaye,http://dbpedia.org/resource/The_Act_of_Marriage;http://dbpedia.org/resource/The_Indwelling;http://dbpedia.org/resource/Tribulation_Force;http://dbpedia.org/resource/Armageddon_(novel);http://dbpedia.org/resource/Assassins_(LaHaye_novel);http://dbpedia.org/resource/The_Mark_(novel);http://dbpedia.org/resource/The_Remnant_(novel),1926,1996
29,http://dbpedia.org/resource/Tom_Kratman,http://dbpedia.org/resource/Watch_on_the_Rhine_(novel),1956,2007
30,http://dbpedia.org/resource/Robert_Munsch,http://dbpedia.org/resource/The_Paper_Bag_Princess;http://dbpedia.org/resource/Giant;_or_Waiting_for_the_Thursday_Boat,1945,1980
31,http://dbpedia.org/resource/Jon_Smith,http://dbpedia.org/resource/Get_into_Bed_with_Google;http://dbpedia.org/resource/The_Bloke's_Guide_To_Pregnancy,1975,2004
32,http://dbpedia.org/resource/Brad_Meltzer,http://dbpedia.org/resource/Dead_Even;http://dbpedia.org/resource/Heroes_for_My_Daughter;http://dbpedia.org/resource/Heroes_for_My_Son;http://dbpedia.org/resource/I_Am_Abraham_Lincoln;http://dbpedia.org/resource/I_Am_Albert_Einstein;http://dbpedia.org/resource/I_Am_Amelia_Earhart;http://dbpedia.org/resource/I_Am_Rosa_Parks;http://dbpedia.org/resource/The_First_Counsel,1970,2014
33,http://dbpedia.org/resource/Ha_Jin,http://dbpedia.org/resource/In_the_Pond;http://dbpedia.org/resource/War_Trash,1956,1998
34,http://dbpedia.org/resource/Dan_Wells_(author),http://dbpedia.org/resource/I_Am_Not_a_Serial_Killer,1977,2009
35,http://dbpedia.org/resource/Daniel_Keyes,http://dbpedia.org/resource/Flowers_for_Algernon;http://dbpedia.org/resource/The_Minds_of_Billy_Milligan,1927,1959
36,http://dbpedia.org/resource/David_Levithan,http://dbpedia.org/resource/Boy_Meets_Boy_(novel),1972,2003
37,http://dbpedia.org/resource/Jeffrey_Eugenides,http://dbpedia.org/resource/The_Virgin_Suicides,1960,1993
38,http://dbpedia.org/resource/Bruce_Sterling,http://dbpedia.org/resource/Crystal_Express;http://dbpedia.org/resource/Islands_in_the_Net;http://dbpedia.org/resource/Schismatrix;http://dbpedia.org/resource/The_Caryatids;http://dbpedia.org/resource/The_Difference_Engine;http://dbpedia.org/resource/The_Zenith_Angle;http://dbpedia.org/resource/Holy_Fire_(novel),1954,1985
39,http://dbpedia.org/resource/Caleb_Carr,http://dbpedia.org/resource/The_Angel_of_Darkness;http://dbpedia.org/resource/The_Italian_Secretary,1955,1997
40,http://dbpedia.org/resource/Larry_Niven,http://dbpedia.org/resource/A_World_Out_of_Time;http://dbpedia.org/resource/All_the_Myriad_Ways;http://dbpedia.org/resource/Bridging_the_Galaxies;http://dbpedia.org/resource/Inconstant_Moon;http://dbpedia.org/resource/Rainbow_Mars;http://dbpedia.org/resource/Stars_and_Gods;http://dbpedia.org/resource/Tales_of_Known_Space;http://dbpedia.org/resource/The_Best_of_Larry_Niven;http://dbpedia.org/resource/The_Flight_of_the_Horse;http://dbpedia.org/resource/The_Flying_Sorcerers;http://dbpedia.org/resource/The_Gripping_Hand;http://dbpedia.org/resource/The_Integral_Trees;http://dbpedia.org/resource/The_Legacy_of_Heorot;http://dbpedia.org/resource/The_Ringworld_Engineers;http://dbpedia.org/resource/The_Ringworld_Throne;http://dbpedia.org/resource/Beowulf's_Children;http://dbpedia.org/resource/Escape_from_Hell_(novel);http://dbpedia.org/resource/Inferno_(Niven_and_Pournelle_novel);http://dbpedia.org/resource/Lucifer's_Hammer;http://dbpedia.org/resource/N-Space_(short_story_collection);http://dbpedia.org/resource/Ringworld's_Children;http://dbpedia.org/resource/The_Mote_in_God's_Eye;http://dbpedia.org/resource/The_Smoke_Ring_(novel),1938,1971
41,http://dbpedia.org/resource/Daniel_Silva_(novelist),http://dbpedia.org/resource/The_English_Girl;http://dbpedia.org/resource/Moscow_Rules_(novel);http://dbpedia.org/resource/The_English_Assassin_(Silva_novel),1960,2002
42,http://dbpedia.org/resource/Lincoln_Child,http://dbpedia.org/resource/Relic_(novel);http://dbpedia.org/resource/Reliquary_(novel);http://dbpedia.org/resource/Death_Match_(Child_novel),1957,1995
43,http://dbpedia.org/resource/Kurt_Vonnegut,"http://dbpedia.org/resource/Armageddon_in_Retrospect;http://dbpedia.org/resource/Look_at_the_Birdie;http://dbpedia.org/resource/The_Sirens_of_Titan;http://dbpedia.org/resource/Welcome_to_the_Monkey_House;http://dbpedia.org/resource/Bluebeard_(Vonnegut_novel);http://dbpedia.org/resource/Cat's_Cradle;http://dbpedia.org/resource/God_Bless_You,_Mr._Rosewater;http://dbpedia.org/resource/Hocus_Pocus_(novel);http://dbpedia.org/resource/Palm_Sunday_(book);http://dbpedia.org/resource/Player_Piano_(novel);http://dbpedia.org/resource/While_Mortals_Sleep_(short_story_collection)",1922,1952
44,http://dbpedia.org/resource/E._L._Konigsburg,"http://dbpedia.org/resource/The_View_from_Saturday;http://dbpedia.org/resource/Jennifer,_Hecate,_Macbeth,_William_McKinley,_and_Me,_Elizabeth",1930,1967
45,http://dbpedia.org/resource/Carol_Ryrie_Brink,http://dbpedia.org/resource/Caddie_Woodlawn;http://dbpedia.org/resource/Magical_Melons;http://dbpedia.org/resource/Caddie_Woodlawn_(musical),1895,1936
46,http://dbpedia.org/resource/Roger_Zelazny,"http://dbpedia.org/resource/A_Dark_Traveling;http://dbpedia.org/resource/Blood_of_Amber;http://dbpedia.org/resource/Bring_Me_the_Head_of_Prince_Charming;http://dbpedia.org/resource/Creatures_of_Light_and_Darkness;http://dbpedia.org/resource/Damnation_Alley;http://dbpedia.org/resource/Deus_Irae;http://dbpedia.org/resource/Donnerjack;http://dbpedia.org/resource/Doorways_in_the_Sand;http://dbpedia.org/resource/Eye_of_Cat;http://dbpedia.org/resource/Four_for_Tomorrow;http://dbpedia.org/resource/Here_There_Be_Dragons;http://dbpedia.org/resource/Jack_of_Shadows;http://dbpedia.org/resource/Knight_of_Shadows;http://dbpedia.org/resource/Lord_Demon;http://dbpedia.org/resource/Madwand;http://dbpedia.org/resource/Manna_from_Heaven;http://dbpedia.org/resource/Nine_Princes_in_Amber;http://dbpedia.org/resource/Prince_of_Chaos;http://dbpedia.org/resource/Psychoshop;http://dbpedia.org/resource/Roadmarks;http://dbpedia.org/resource/Sign_of_Chaos;http://dbpedia.org/resource/Sign_of_the_Unicorn;http://dbpedia.org/resource/The_Changing_Land;http://dbpedia.org/resource/The_Dream_Master;http://dbpedia.org/resource/The_Guns_of_Avalon;http://dbpedia.org/resource/The_Hand_of_Oberon;http://dbpedia.org/resource/The_Last_Defender_of_Camelot;http://dbpedia.org/resource/The_Mask_of_Loki;http://dbpedia.org/resource/To_Die_in_Italbar;http://dbpedia.org/resource/Trumps_of_Doom;http://dbpedia.org/resource/Unicorn_Variations;http://dbpedia.org/resource/Way_Up_High;http://dbpedia.org/resource/Dilvish,_the_Damned;http://dbpedia.org/resource/Flare_(novel);http://dbpedia.org/resource/Frost_&_Fire;http://dbpedia.org/resource/Isle_of_the_Dead_(Zelazny_novel);http://dbpedia.org/resource/My_Name_Is_Legion_(short_story_collection);http://dbpedia.org/resource/The_Chronicles_of_Amber_(omnibus);http://dbpedia.org/resource/The_Doors_of_His_Face,_The_Lamps_of_His_Mouth,_and_Other_Stories;http://dbpedia.org/resource/The_Last_Defender_of_Camelot_(2002_book)",1937,1966
47,http://dbpedia.org/resource/Catherine_Asaro,http://dbpedia.org/resource/The_Last_Hawk;http://dbpedia.org/resource/The_Quantum_Rose;http://dbpedia.org/resource/The_Ruby_Dice,1955,1997
48,http://dbpedia.org/resource/Charles_Stross,http://dbpedia.org/resource/Iron_Sunrise;http://dbpedia.org/resource/The_Annihilation_Score;http://dbpedia.org/resource/The_Apocalypse_Codex;http://dbpedia.org/resource/The_Family_Trade;http://dbpedia.org/resource/The_Fuller_Memorandum;http://dbpedia.org/resource/The_Hidden_Family;http://dbpedia.org/resource/The_Jennifer_Morgue;http://dbpedia.org/resource/The_Rhesus_Chart;http://dbpedia.org/resource/Glasshouse_(novel);http://dbpedia.org/resource/Toast:_And_Other_Rusted_Futures;http://dbpedia.org/resource/Wireless:_The_Essential_Charles_Stross,1964,2002
49,http://dbpedia.org/resource/E._E._Smith,http://dbpedia.org/resource/First_Lensman;http://dbpedia.org/resource/Gray_Lensman;http://dbpedia.org/resource/Second_Stage_Lensmen;http://dbpedia.org/resource/Skylark_DuQuesne;http://dbpedia.org/resource/Skylark_Three;http://dbpedia.org/resource/Skylark_of_Valeron;http://dbpedia.org/resource/Spacehounds_of_IPC;http://dbpedia.org/resource/Subspace_Explorers;http://dbpedia.org/resource/The_History_of_Civilization;http://dbpedia.org/resource/The_Skylark_of_Space;http://dbpedia.org/resource/The_Vortex_Blaster;http://dbpedia.org/resource/Children_of_the_Lens_(novel);http://dbpedia.org/resource/Triplanetary_(novel),1890,1946
50,http://dbpedia.org/resource/Chris_Van_Allsburg,http://dbpedia.org/resource/Queen_of_the_Falls;http://dbpedia.org/resource/The_Wretched_Stone;http://dbpedia.org/resource/Two_Bad_Ants;http://dbpedia.org/resource/Jumanji_(picture_book),1949,1981
51,http://dbpedia.org/resource/Chuck_Palahniuk,http://dbpedia.org/resource/Invisible_Monsters;http://dbpedia.org/resource/Tell-All;http://dbpedia.org/resource/Haunted_(Palahniuk_novel);http://dbpedia.org/resource/Rant_(novel);http://dbpedia.org/resource/Snuff_(Palahniuk_novel);http://dbpedia.org/resource/Survivor_(Palahniuk_novel),1962,1999
52,http://dbpedia.org/resource/Gail_Carson_Levine,http://dbpedia.org/resource/Dave_at_Night;http://dbpedia.org/resource/Disney_Fairies;http://dbpedia.org/resource/Ella_Enchanted;http://dbpedia.org/resource/The_Two_Princesses_of_Bamarre;http://dbpedia.org/resource/The_Wish_(novel),1947,1997
53,http://dbpedia.org/resource/Norman_Spinrad,http://dbpedia.org/resource/Bug_Jack_Barron;http://dbpedia.org/resource/Child_of_Fortune;http://dbpedia.org/resource/The_Iron_Dream;http://dbpedia.org/resource/The_Last_Hurrah_of_the_Golden_Horde;http://dbpedia.org/resource/The_Solarians,1940,1966
54,http://dbpedia.org/resource/Samuel_R._Delany,"http://dbpedia.org/resource/Babel-17;http://dbpedia.org/resource/Captives_of_the_Flame;http://dbpedia.org/resource/City_of_a_Thousand_Suns;http://dbpedia.org/resource/Dark_Reflections;http://dbpedia.org/resource/Dhalgren;http://dbpedia.org/resource/Distant_Stars;http://dbpedia.org/resource/Driftglass;http://dbpedia.org/resource/Empire_Star;http://dbpedia.org/resource/Flight_from_Nevèrÿon;http://dbpedia.org/resource/Longer_Views;http://dbpedia.org/resource/Nebula_Winners_Thirteen;http://dbpedia.org/resource/Neveryóna;http://dbpedia.org/resource/Shorter_Views;http://dbpedia.org/resource/Silent_Interviews;http://dbpedia.org/resource/Stars_in_My_Pocket_Like_Grains_of_Sand;http://dbpedia.org/resource/Tales_of_Nevèrÿon;http://dbpedia.org/resource/The_Ballad_of_Beta-2;http://dbpedia.org/resource/The_Complete_Nebula_Award-Winning_Fiction;http://dbpedia.org/resource/The_Einstein_Intersection;http://dbpedia.org/resource/The_Fall_of_the_Towers;http://dbpedia.org/resource/The_Jewels_of_Aptor;http://dbpedia.org/resource/The_Mad_Man;http://dbpedia.org/resource/The_Motion_of_Light_in_Water;http://dbpedia.org/resource/The_Towers_of_Toron;http://dbpedia.org/resource/They_Fly_at_Çiron;http://dbpedia.org/resource/Atlantis:_Three_Tales;http://dbpedia.org/resource/Aye,_and_Gomorrah,_and_other_stories;http://dbpedia.org/resource/Driftglass/Starshards;http://dbpedia.org/resource/Equinox_(novel);http://dbpedia.org/resource/Hogg_(novel);http://dbpedia.org/resource/Nova_(novel);http://dbpedia.org/resource/Phallos_(novella);http://dbpedia.org/resource/Quark/1;http://dbpedia.org/resource/Quark/2;http://dbpedia.org/resource/Quark/3;http://dbpedia.org/resource/Quark/4;http://dbpedia.org/resource/Times_Square_Red,_Times_Square_Blue;http://dbpedia.org/resource/Triton_(novel)",1942,1962
55,http://dbpedia.org/resource/Clayton_Rawson,http://dbpedia.org/resource/Death_from_a_Top_Hat;http://dbpedia.org/resource/No_Coffin_for_the_Corpse;http://dbpedia.org/resource/The_Footprints_on_the_Ceiling;http://dbpedia.org/resource/The_Headless_Lady,1906,1938
56,http://dbpedia.org/resource/Edward_P._Jones,http://dbpedia.org/resource/The_Known_World,1951,2003
57,http://dbpedia.org/resource/Joe_McGinniss,http://dbpedia.org/resource/The_Miracle_of_Castel_di_Sangro,1942,1999
58,http://dbpedia.org/resource/Ursula_K._Le_Guin,http://dbpedia.org/resource/Changing_Planes;http://dbpedia.org/resource/City_of_Illusions;http://dbpedia.org/resource/Four_Ways_to_Forgiveness;http://dbpedia.org/resource/Orsinian_Tales;http://dbpedia.org/resource/Planet_of_Exile;http://dbpedia.org/resource/The_Compass_Rose;http://dbpedia.org/resource/The_Eye_of_the_Heron;http://dbpedia.org/resource/The_Lathe_of_Heaven,1929,1966
59,http://dbpedia.org/resource/William_Goldman,http://dbpedia.org/resource/Boys_and_Girls_Together;http://dbpedia.org/resource/Hype_and_Glory;http://dbpedia.org/resource/The_Color_of_Light;http://dbpedia.org/resource/The_Princess_Bride;http://dbpedia.org/resource/The_Silent_Gondoliers;http://dbpedia.org/resource/Wait_Till_Next_Year;http://dbpedia.org/resource/Brothers_(Goldman_novel);http://dbpedia.org/resource/Control_(novel);http://dbpedia.org/resource/Father's_Day_(novel);http://dbpedia.org/resource/Heat_(Goldman_novel);http://dbpedia.org/resource/Magic_(novel);http://dbpedia.org/resource/Marathon_Man_(novel);http://dbpedia.org/resource/Tinsel_(novel);http://dbpedia.org/resource/Which_Lie_Did_I_Tell%3F,1931,1964
60,http://dbpedia.org/resource/Richard_Price_(writer),http://dbpedia.org/resource/The_Wanderers_(Price_novel),1949,1974
61,http://dbpedia.org/resource/Connie_Willis,http://dbpedia.org/resource/To_Say_Nothing_of_the_Dog;http://dbpedia.org/resource/A_Woman's_Liberation;http://dbpedia.org/resource/Bellwether_(novel);http://dbpedia.org/resource/Doomsday_Book_(novel);http://dbpedia.org/resource/Passage_(Willis_novel);http://dbpedia.org/resource/Remake_(novel),1945,1992
62,http://dbpedia.org/resource/Joanna_Russ,http://dbpedia.org/resource/And_Chaos_Died;http://dbpedia.org/resource/The_Female_Man;http://dbpedia.org/resource/The_Two_of_Them;http://dbpedia.org/resource/The_Zanzibar_Cat,1937,1970
63,http://dbpedia.org/resource/Kovid_Gupta,http://dbpedia.org/resource/Kingdom_of_The_Soap_Queen:_The_Story_of_Balaji_Telefilms;http://dbpedia.org/resource/Redrawing_India:_The_Teach_For_India_Story,1988,2014
64,http://dbpedia.org/resource/NoViolet_Bulawayo,http://dbpedia.org/resource/We_Need_New_Names,1981,2013
65,http://dbpedia.org/resource/Kenneth_Roberts_(author),http://dbpedia.org/resource/Northwest_Passage_(novel),1885,1937
66,http://dbpedia.org/resource/Cynthia_Kadohata,http://dbpedia.org/resource/Kira-Kira,1956,2005
67,http://dbpedia.org/resource/Cyril_M._Kornbluth,http://dbpedia.org/resource/Gladiator-At-Law;http://dbpedia.org/resource/Not_This_August;http://dbpedia.org/resource/Search_the_Sky;http://dbpedia.org/resource/The_Space_Merchants;http://dbpedia.org/resource/The_Syndic;http://dbpedia.org/resource/Wolfbane_(novel),1923,1953
68,http://dbpedia.org/resource/D._H._Lawrence,http://dbpedia.org/resource/The_Lost_Girl;http://dbpedia.org/resource/The_Rainbow;http://dbpedia.org/resource/The_White_Peacock;http://dbpedia.org/resource/The_Trespasser_(novel),1885,1911
69,http://dbpedia.org/resource/Danielle_Steel,http://dbpedia.org/resource/A_Perfect_Stranger;http://dbpedia.org/resource/Kaleidoscope_(novel);http://dbpedia.org/resource/The_Gift_(Steel_novel),1947,1981
70,http://dbpedia.org/resource/David_Drake,http://dbpedia.org/resource/Ranks_of_Bronze;http://dbpedia.org/resource/Servant_of_the_Dragon;http://dbpedia.org/resource/The_Forlorn_Hope;http://dbpedia.org/resource/The_Gods_Return;http://dbpedia.org/resource/The_War_Machine;http://dbpedia.org/resource/With_the_Lightnings;http://dbpedia.org/resource/Hammer's_Slammers;http://dbpedia.org/resource/The_World_Turned_Upside_Down_(anthology),1945,1979
71,http://dbpedia.org/resource/David_Eddings,http://dbpedia.org/resource/Belgarath_the_Sorcerer;http://dbpedia.org/resource/High_Hunt;http://dbpedia.org/resource/Polgara_the_Sorceress;http://dbpedia.org/resource/The_Belgariad;http://dbpedia.org/resource/The_Elenium;http://dbpedia.org/resource/The_Malloreon;http://dbpedia.org/resource/The_Redemption_of_Althalus;http://dbpedia.org/resource/The_Rivan_Codex;http://dbpedia.org/resource/The_Tamuli;http://dbpedia.org/resource/Regina's_Song;http://dbpedia.org/resource/The_Dreamers_(novel_series),1931,1973
72,http://dbpedia.org/resource/David_Hitt,http://dbpedia.org/resource/Bold_They_Rise,1975,2014
73,http://dbpedia.org/resource/David_Levien,http://dbpedia.org/resource/City_of_the_Sun_(Levien_novel),1967,2008
74,http://dbpedia.org/resource/David_McCullough,http://dbpedia.org/resource/Mornings_on_Horseback;http://dbpedia.org/resource/The_Path_Between_the_Seas;http://dbpedia.org/resource/The_Wright_Brothers_(book),1933,1977
75,http://dbpedia.org/resource/David_Sedaris,http://dbpedia.org/resource/Barrel_Fever;http://dbpedia.org/resource/Holidays_on_Ice;http://dbpedia.org/resource/Naked_(book),1956,1994
76,http://dbpedia.org/resource/Dennis_Lehane,http://dbpedia.org/resource/A_Drink_Before_the_War;http://dbpedia.org/resource/Prayers_for_Rain;http://dbpedia.org/resource/Coronado:_Stories;http://dbpedia.org/resource/Moonlight_Mile_(novel);http://dbpedia.org/resource/Mystic_River_(novel),1965,1994
77,http://dbpedia.org/resource/Don_Winslow,http://dbpedia.org/resource/The_Power_of_the_Dog;http://dbpedia.org/resource/Satori_(Winslow_novel),1953,2005
78,http://dbpedia.org/resource/Doreen_Cronin,"http://dbpedia.org/resource/Dooby_Dooby_Moo;http://dbpedia.org/resource/Duck_for_President;http://dbpedia.org/resource/Click,_Clack,_Moo",1966,2000
79,http://dbpedia.org/resource/Douglas_Preston,http://dbpedia.org/resource/Relic_(novel);http://dbpedia.org/resource/Reliquary_(novel),1956,1995
80,http://dbpedia.org/resource/John_W._Campbell,http://dbpedia.org/resource/From_Unknown_Worlds;http://dbpedia.org/resource/Who_Goes_There%3F_and_Other_Stories,1910,1948
81,http://dbpedia.org/resource/Robert_Antoni,http://dbpedia.org/resource/Blessed_Is_the_Fruit;http://dbpedia.org/resource/Divina_Trace,1951,1991
82,http://dbpedia.org/resource/Tucker_Max,http://dbpedia.org/resource/I_Hope_They_Serve_Beer_in_Hell,1975,2006
83,http://dbpedia.org/resource/Robert_Westall,http://dbpedia.org/resource/Fathom_Five_(novel),1929,1990
84,http://dbpedia.org/resource/Mary_Stewart_(novelist),http://dbpedia.org/resource/The_Crystal_Cave;http://dbpedia.org/resource/The_Hollow_Hills;http://dbpedia.org/resource/The_Last_Enchantment;http://dbpedia.org/resource/The_Prince_and_the_Pilgrim;http://dbpedia.org/resource/The_Wicked_Day;http://dbpedia.org/resource/Thornyhold;http://dbpedia.org/resource/Touch_Not_the_Cat,1916,1970
85,http://dbpedia.org/resource/E._M._Forster,http://dbpedia.org/resource/A_Room_with_a_View;http://dbpedia.org/resource/Howards_End;http://dbpedia.org/resource/The_Celestial_Omnibus;http://dbpedia.org/resource/The_Eternal_Moment;http://dbpedia.org/resource/Where_Angels_Fear_to_Tread;http://dbpedia.org/resource/The_Longest_Journey_(novel),1879,1905
86,http://dbpedia.org/resource/Elizabeth_Gilbert,http://dbpedia.org/resource/Pilgrims_(short_story_collection),1969,1997
87,http://dbpedia.org/resource/Emily_M._Danforth,http://dbpedia.org/resource/The_Miseducation_of_Cameron_Post,1980,2012
88,http://dbpedia.org/resource/Farley_Mowat,http://dbpedia.org/resource/Never_Cry_Wolf,1921,1963
89,http://dbpedia.org/resource/Jeff_Shaara,http://dbpedia.org/resource/Rise_to_Rebellion,1952,2001
90,http://dbpedia.org/resource/Francine_Pascal,http://dbpedia.org/resource/The_Ruling_Class_(novel),1938,2004
91,http://dbpedia.org/resource/Frank_Herbert,http://dbpedia.org/resource/Direct_Descent;http://dbpedia.org/resource/Man_of_Two_Worlds;http://dbpedia.org/resource/The_Best_of_Frank_Herbert;http://dbpedia.org/resource/The_Book_of_Frank_Herbert;http://dbpedia.org/resource/The_Collected_Stories_of_Frank_Herbert;http://dbpedia.org/resource/The_Dragon_in_the_Sea;http://dbpedia.org/resource/The_Eyes_of_Heisenberg;http://dbpedia.org/resource/The_Green_Brain;http://dbpedia.org/resource/The_Heaven_Makers;http://dbpedia.org/resource/The_Priests_of_Psi;http://dbpedia.org/resource/The_Santaroga_Barrier;http://dbpedia.org/resource/The_Worlds_of_Frank_Herbert;http://dbpedia.org/resource/Hellstrom's_Hive,1920,1956
92,http://dbpedia.org/resource/Frederick_Buechner,http://dbpedia.org/resource/Godric_(novel),1926,1980
93,http://dbpedia.org/resource/George_R._R._Martin,http://dbpedia.org/resource/Dying_of_the_Light;http://dbpedia.org/resource/Fevre_Dream;http://dbpedia.org/resource/Hunter's_Run,1948,1977
94,http://dbpedia.org/resource/William_Peter_Blatty,http://dbpedia.org/resource/Dimiter;http://dbpedia.org/resource/Crazy_(novel);http://dbpedia.org/resource/Elsewhere_(Blatty_novel);http://dbpedia.org/resource/Legion_(Blatty_novel);http://dbpedia.org/resource/The_Exorcist_(novel),1928,1971
95,http://dbpedia.org/resource/Gish_Jen,http://dbpedia.org/resource/World_and_Town,1955,2010
96,http://dbpedia.org/resource/Gordon_Korman,"http://dbpedia.org/resource/A_Semester_in_the_Life_of_a_Garbage_Bag;http://dbpedia.org/resource/I_Want_to_Go_Home;http://dbpedia.org/resource/Macdonald_Hall_Goes_Hollywood;http://dbpedia.org/resource/Son_of_Interflux;http://dbpedia.org/resource/The_Twinkie_Squad;http://dbpedia.org/resource/The_War_with_Mr._Wizzle;http://dbpedia.org/resource/Zoobreak;http://dbpedia.org/resource/Don't_Care_High;http://dbpedia.org/resource/Hideout_(novel);http://dbpedia.org/resource/Jackpot_(Korman_novel);http://dbpedia.org/resource/No_Coins,_Please;http://dbpedia.org/resource/Schooled_(novel);http://dbpedia.org/resource/Swindle_(novel);http://dbpedia.org/resource/This_Can't_Be_Happening_at_Macdonald_Hall",1963,1984
97,http://dbpedia.org/resource/Laurie_R._King,http://dbpedia.org/resource/A_Monstrous_Regiment_of_Women;http://dbpedia.org/resource/Garment_of_Shadows;http://dbpedia.org/resource/Justice_Hall;http://dbpedia.org/resource/The_God_of_the_Hive;http://dbpedia.org/resource/To_Play_the_Fool;http://dbpedia.org/resource/With_Child;http://dbpedia.org/resource/Pirate_King_(novel);http://dbpedia.org/resource/The_Beekeeper's_Apprentice;http://dbpedia.org/resource/The_Moor_(novel),1952,1994
98,http://dbpedia.org/resource/Guy_Vanderhaeghe,http://dbpedia.org/resource/Man_Descending,1951,1982
99,http://dbpedia.org/resource/Jonathan_Alter,"http://dbpedia.org/resource/The_Promise:_President_Obama,_Year_One",1957,2010
100,http://dbpedia.org/resource/Margaret_Atwood,http://dbpedia.org/resource/Alias_Grace;http://dbpedia.org/resource/Lady_Oracle;http://dbpedia.org/resource/MaddAddam;http://dbpedia.org/resource/Stone_Mattress;http://dbpedia.org/resource/The_Edible_Woman;http://dbpedia.org/resource/The_Robber_Bride;http://dbpedia.org/resource/The_Year_of_the_Flood;http://dbpedia.org/resource/Cat's_Eye_(novel),1939,1969
101,http://dbpedia.org/resource/Roger_Angell,http://dbpedia.org/resource/Season_Ticket:_A_Baseball_Companion,1920,1988
102,http://dbpedia.org/resource/Tracy_Kidder,http://dbpedia.org/resource/Mountains_Beyond_Mountains,1945,2003
103,http://dbpedia.org/resource/William_S._Burroughs,http://dbpedia.org/resource/Port_of_Saints;http://dbpedia.org/resource/The_Last_Words_of_Dutch_Schultz;http://dbpedia.org/resource/The_Place_of_Dead_Roads;http://dbpedia.org/resource/The_Western_Lands;http://dbpedia.org/resource/The_Yage_Letters;http://dbpedia.org/resource/Exterminator!;http://dbpedia.org/resource/Interzone_(book);http://dbpedia.org/resource/Junkie_(novel);http://dbpedia.org/resource/My_Education:_A_Book_of_Dreams;http://dbpedia.org/resource/The_Wild_Boys_(novel),1914,1953
104,http://dbpedia.org/resource/Nicholson_Baker,http://dbpedia.org/resource/Human_Smoke;http://dbpedia.org/resource/The_Way_the_World_Works;http://dbpedia.org/resource/Room_Temperature_(novel),1957,1990
105,http://dbpedia.org/resource/Homer_Hickam,http://dbpedia.org/resource/Back_to_the_Moon,1943,1999
106,http://dbpedia.org/resource/Howard_V._Hendrix,http://dbpedia.org/resource/The_Labyrinth_Key,1959,2004
107,http://dbpedia.org/resource/Robert_Coover,http://dbpedia.org/resource/Gerald's_Party,1932,1986
108,http://dbpedia.org/resource/Laurell_K._Hamilton,http://dbpedia.org/resource/Blood_Noir;http://dbpedia.org/resource/Cerulean_Sins;http://dbpedia.org/resource/Circus_of_the_Damned;http://dbpedia.org/resource/Incubus_Dreams;http://dbpedia.org/resource/Narcissus_in_Chains;http://dbpedia.org/resource/Obsidian_Butterfly;http://dbpedia.org/resource/The_Killing_Dance;http://dbpedia.org/resource/The_Lunatic_Cafe;http://dbpedia.org/resource/Bloody_Bones_(novel);http://dbpedia.org/resource/Blue_Moon_(Hamilton_novel);http://dbpedia.org/resource/Burnt_Offerings_(novel);http://dbpedia.org/resource/Guilty_Pleasures_(novel);http://dbpedia.org/resource/Micah_(novel);http://dbpedia.org/resource/The_Harlequin_(novel),1963,1993
109,http://dbpedia.org/resource/J._G._Ballard,http://dbpedia.org/resource/Chronopolis_and_Other_Stories;http://dbpedia.org/resource/Concrete_Island;http://dbpedia.org/resource/Extreme_Metaphors;http://dbpedia.org/resource/Miracles_of_Life;http://dbpedia.org/resource/Myths_of_the_Near_Future;http://dbpedia.org/resource/Passport_to_Eternity;http://dbpedia.org/resource/Rushing_to_Paradise;http://dbpedia.org/resource/The_4-Dimensional_Nightmare;http://dbpedia.org/resource/The_Atrocity_Exhibition;http://dbpedia.org/resource/The_Crystal_World;http://dbpedia.org/resource/The_Day_of_Creation;http://dbpedia.org/resource/The_Day_of_Forever;http://dbpedia.org/resource/The_Disaster_Area;http://dbpedia.org/resource/The_Drowned_World;http://dbpedia.org/resource/The_Impossible_Man;http://dbpedia.org/resource/The_Kindness_of_Women;http://dbpedia.org/resource/The_Overloaded_Man;http://dbpedia.org/resource/The_Terminal_Beach;http://dbpedia.org/resource/The_Unlimited_Dream_Company;http://dbpedia.org/resource/High-Rise_(novel);http://dbpedia.org/resource/Kingdom_Come_(Ballard_novel);http://dbpedia.org/resource/Running_Wild_(novella);http://dbpedia.org/resource/The_Burning_World_(novel),1930,1962
110,http://dbpedia.org/resource/Jack_Higgins,http://dbpedia.org/resource/The_Eagle_Has_Flown,1929,1991
111,http://dbpedia.org/resource/Jacqueline_Carey,http://dbpedia.org/resource/Kushiel's_Chosen;http://dbpedia.org/resource/Kushiel's_Dart,1964,2001
112,http://dbpedia.org/resource/James_A._Michener,http://dbpedia.org/resource/The_Covenant_(novel),1907,1980
113,http://dbpedia.org/resource/James_Patterson,http://dbpedia.org/resource/Along_Came_a_Spider;http://dbpedia.org/resource/1st_to_Die;http://dbpedia.org/resource/Roses_Are_Red_(novel);http://dbpedia.org/resource/The_Lake_House_(novel);http://dbpedia.org/resource/Thriller_(book),1947,1993
114,http://dbpedia.org/resource/Jane_Thayer,http://dbpedia.org/resource/The_Blueberry_Pie_Elf,1904,1961
115,http://dbpedia.org/resource/Jean_Fritz,http://dbpedia.org/resource/The_Cabin_Faced_West,1915,1958
116,http://dbpedia.org/resource/Jennifer_Egan,http://dbpedia.org/resource/The_Keep_(Egan_novel),1962,2006
117,http://dbpedia.org/resource/Jennifer_Roberson,http://dbpedia.org/resource/Lady_of_Sherwood;http://dbpedia.org/resource/Lady_of_the_Forest;http://dbpedia.org/resource/Lady_of_the_Glen;http://dbpedia.org/resource/The_Golden_Key_(novel),1953,1992
118,http://dbpedia.org/resource/Joe_Clifford_Faust,http://dbpedia.org/resource/A_Death_of_Honor;http://dbpedia.org/resource/Angel's_Luck,1957,1987
119,http://dbpedia.org/resource/John_Grisham,http://dbpedia.org/resource/Skipping_Christmas;http://dbpedia.org/resource/The_Partner;http://dbpedia.org/resource/The_Pelican_Brief;http://dbpedia.org/resource/The_Runaway_Jury;http://dbpedia.org/resource/The_Street_Lawyer;http://dbpedia.org/resource/A_Time_to_Kill_(Grisham_novel);http://dbpedia.org/resource/The_Brethren_(novel);http://dbpedia.org/resource/The_Chamber_(novel);http://dbpedia.org/resource/The_Confession_(novel);http://dbpedia.org/resource/The_Rainmaker_(novel);http://dbpedia.org/resource/Theodore_Boone:_Kid_Lawyer,1955,1989
120,http://dbpedia.org/resource/John_Jantsch,http://dbpedia.org/resource/The_Commitment_Engine,1960,2006
121,http://dbpedia.org/resource/Jon_Ronson,http://dbpedia.org/resource/The_Men_Who_Stare_at_Goats;http://dbpedia.org/resource/Them:_Adventures_with_Extremists,1967,2001
122,http://dbpedia.org/resource/Jonathan_Maberry,http://dbpedia.org/resource/Rot_&_Ruin,1958,2010
123,http://dbpedia.org/resource/Joseph_Ellis,http://dbpedia.org/resource/American_Creation;http://dbpedia.org/resource/American_Sphinx;http://dbpedia.org/resource/Founding_Brothers;http://dbpedia.org/resource/His_Excellency:_George_Washington,1943,1996
124,http://dbpedia.org/resource/Judith_Guest,http://dbpedia.org/resource/Ordinary_People_(novel),1936,1976
125,http://dbpedia.org/resource/Karen_Cushman,"http://dbpedia.org/resource/Catherine,_Called_Birdy;http://dbpedia.org/resource/The_Midwife's_Apprentice",1941,1991
126,http://dbpedia.org/resource/Kate_Atkinson,http://dbpedia.org/resource/Emotionally_Weird;http://dbpedia.org/resource/Not_the_End_of_the_World_(short_story_collection),1951,2000
127,http://dbpedia.org/resource/Kazuo_Ishiguro,http://dbpedia.org/resource/A_Pale_View_of_Hills;http://dbpedia.org/resource/An_Artist_of_the_Floating_World;http://dbpedia.org/resource/The_Remains_of_the_Day;http://dbpedia.org/resource/The_Unconsoled;http://dbpedia.org/resource/When_We_Were_Orphans;http://dbpedia.org/resource/Never_Let_Me_Go_(novel),1954,1982
128,http://dbpedia.org/resource/John_Green_(author),http://dbpedia.org/resource/Looking_for_Alaska,1977,2005
129,http://dbpedia.org/resource/Sakyo_Komatsu,http://dbpedia.org/resource/Japan_Sinks,1931,1973
130,http://dbpedia.org/resource/Paul_Magrs,http://dbpedia.org/resource/Mad_Dogs_and_Englishmen_(Doctor_Who);http://dbpedia.org/resource/To_the_Devil_—_a_Diva!;http://dbpedia.org/resource/Verdigris_(novel),1969,2000
131,http://dbpedia.org/resource/Laurence_Yep,http://dbpedia.org/resource/Dragon_Cauldron;http://dbpedia.org/resource/Dragon_Steel;http://dbpedia.org/resource/Dragon_War;http://dbpedia.org/resource/Dragon_of_the_Lost_Sea;http://dbpedia.org/resource/Dragon_(fantasy_series),1948,1982
132,http://dbpedia.org/resource/Lee_Carlson,http://dbpedia.org/resource/Passage_to_Nirvana,1958,2010
133,http://dbpedia.org/resource/Maajid_Nawaz,http://dbpedia.org/resource/Islam_and_the_Future_of_Tolerance,1978,2015
134,http://dbpedia.org/resource/Louis_Sachar,http://dbpedia.org/resource/More_Sideways_Arithmetic_from_Wayside_School;http://dbpedia.org/resource/Sideways_Arithmetic_from_Wayside_School;http://dbpedia.org/resource/Sixth_Grade_Secrets;http://dbpedia.org/resource/Someday_Angeline;http://dbpedia.org/resource/The_Boy_Who_Lost_His_Face;http://dbpedia.org/resource/Johnny's_in_the_Basement;http://dbpedia.org/resource/There's_a_Boy_in_the_Girls'_Bathroom,1954,1981
135,http://dbpedia.org/resource/Loung_Ung,http://dbpedia.org/resource/First_They_Killed_My_Father,1970,2000
136,http://dbpedia.org/resource/Margaret_Laurence,http://dbpedia.org/resource/The_Diviners,1926,1974
137,http://dbpedia.org/resource/Nelson_S._Bond,http://dbpedia.org/resource/Exiles_of_Time;http://dbpedia.org/resource/Nightmares_and_Daydreams;http://dbpedia.org/resource/Other_Worlds_Than_Ours;http://dbpedia.org/resource/The_Far_Side_of_Nowhere;http://dbpedia.org/resource/The_Thirty-First_of_February,1908,1949
138,http://dbpedia.org/resource/Martin_Cruz_Smith,http://dbpedia.org/resource/Canto_for_a_Gypsy;http://dbpedia.org/resource/Gorky_Park_(novel);http://dbpedia.org/resource/Havana_Bay_(novel);http://dbpedia.org/resource/Red_Square_(novel),1942,1972
139,http://dbpedia.org/resource/Martin_Gardner,http://dbpedia.org/resource/The_Ambidextrous_Universe,1914,1964
140,http://dbpedia.org/resource/Mary_Doria_Russell,http://dbpedia.org/resource/The_Sparrow_(novel),1950,1996
141,http://dbpedia.org/resource/Matt_de_la_Peña,http://dbpedia.org/resource/Last_Stop_on_Market_Street,1951,2015
142,http://dbpedia.org/resource/Neal_Bascomb,http://dbpedia.org/resource/The_Perfect_Mile;http://dbpedia.org/resource/The_New_Cool_(book),1971,2004
143,http://dbpedia.org/resource/Jeff_Lindsay_(writer),http://dbpedia.org/resource/Dexter_Is_Delicious;http://dbpedia.org/resource/Dexter_by_Design;http://dbpedia.org/resource/Dexter_is_Dead;http://dbpedia.org/resource/Double_Dexter,1952,2009
144,http://dbpedia.org/resource/Nancy_McKenzie,http://dbpedia.org/resource/Queen_of_Camelot,1948,2002
145,http://dbpedia.org/resource/N._Scott_Momaday,http://dbpedia.org/resource/The_Way_to_Rainy_Mountain,1934,1969
146,http://dbpedia.org/resource/Nalo_Hopkinson,http://dbpedia.org/resource/Midnight_Robber;http://dbpedia.org/resource/So_Long_Been_Dreaming;http://dbpedia.org/resource/Brown_Girl_in_the_Ring_(novel);http://dbpedia.org/resource/Mojo:_Conjure_Stories,1960,1998
147,http://dbpedia.org/resource/Naomi_Klein,http://dbpedia.org/resource/No_Logo;http://dbpedia.org/resource/The_Shock_Doctrine,1970,1999
148,http://dbpedia.org/resource/Robert_Sobel,http://dbpedia.org/resource/For_Want_of_a_Nail_(novel);http://dbpedia.org/resource/ITT:_The_Management_of_Opportunity,1931,1973
149,http://dbpedia.org/resource/Nicholas_Sparks,http://dbpedia.org/resource/Safe_Haven_(novel);http://dbpedia.org/resource/See_Me_(novel),1965,2011
150,http://dbpedia.org/resource/Perry_Moore,http://dbpedia.org/resource/Hero_(novel),1971,2007
151,http://dbpedia.org/resource/Norton_Juster,"http://dbpedia.org/resource/The_Phantom_Tollbooth;http://dbpedia.org/resource/The_Hello,_Goodbye_Window",1929,1961
152,http://dbpedia.org/resource/Steve_Coll,http://dbpedia.org/resource/The_Bin_Ladens:_An_Arabian_Family_in_the_American_Century,1958,2008
153,http://dbpedia.org/resource/Michael_Buckley_(author),http://dbpedia.org/resource/The_Everafter_War;http://dbpedia.org/resource/The_Problem_Child,1969,2006
154,http://dbpedia.org/resource/Pat_Cadigan,http://dbpedia.org/resource/Tea_from_an_Empty_Cup,1953,1998
155,http://dbpedia.org/resource/Patricia_A._McKillip,http://dbpedia.org/resource/Alphabet_of_Thorn;http://dbpedia.org/resource/Harpist_in_the_Wind;http://dbpedia.org/resource/Heir_of_Sea_and_Fire;http://dbpedia.org/resource/The_Riddle-Master_of_Hed,1948,1976
156,http://dbpedia.org/resource/Patricia_MacLachlan,"http://dbpedia.org/resource/Sarah,_Plain_and_Tall",1938,1985
157,http://dbpedia.org/resource/Walter_Lord,http://dbpedia.org/resource/A_Night_to_Remember_(book),1917,1955
158,http://dbpedia.org/resource/Rajiv_Chandrasekaran,http://dbpedia.org/resource/Imperial_Life_in_the_Emerald_City,1973,2006
159,http://dbpedia.org/resource/Randy_Shilts,http://dbpedia.org/resource/And_the_Band_Played_On,1951,1987
160,http://dbpedia.org/resource/Richard_Matheson,http://dbpedia.org/resource/The_Shrinking_Man;http://dbpedia.org/resource/What_Dreams_May_Come;http://dbpedia.org/resource/Born_of_Man_and_Woman_(short_story_collection);http://dbpedia.org/resource/Earthbound_(novel);http://dbpedia.org/resource/Hell_House_(novel),1926,1954
161,http://dbpedia.org/resource/Robert_J._Sawyer,http://dbpedia.org/resource/Far-Seer;http://dbpedia.org/resource/Fossil_Hunter;http://dbpedia.org/resource/The_Terminal_Experiment;http://dbpedia.org/resource/Flashforward_(novel);http://dbpedia.org/resource/Foreigner_(Sawyer_novel);http://dbpedia.org/resource/Illegal_Alien_(Sawyer_novel);http://dbpedia.org/resource/Triggers_(novel),1960,1992
162,http://dbpedia.org/resource/Robert_Penn_Warren,http://dbpedia.org/resource/All_the_King's_Men,1905,1946
163,http://dbpedia.org/resource/Robertson_Davies,http://dbpedia.org/resource/Fifth_Business;http://dbpedia.org/resource/The_Cunning_Man;http://dbpedia.org/resource/The_Rebel_Angels,1913,1970
164,http://dbpedia.org/resource/Ross_Macdonald,http://dbpedia.org/resource/The_Moving_Target;http://dbpedia.org/resource/Sleeping_Beauty_(Macdonald_novel),1915,1949
165,http://dbpedia.org/resource/S._G._Browne,http://dbpedia.org/resource/Breathers:_A_Zombie's_Lament,1965,2009
166,http://dbpedia.org/resource/Sam_Harris,http://dbpedia.org/resource/Islam_and_the_Future_of_Tolerance,1967,2015
167,http://dbpedia.org/resource/Sid_Fleischman,http://dbpedia.org/resource/The_Whipping_Boy,1920,1986
168,http://dbpedia.org/resource/Simon_R._Green,http://dbpedia.org/resource/Deathstalker_(novel),1955,1995
169,http://dbpedia.org/resource/Sita_Ram_Goel,http://dbpedia.org/resource/The_Story_of_Islamic_Imperialism_in_India,1921,1982
170,http://dbpedia.org/resource/Madeleine_L'Engle,http://dbpedia.org/resource/A_Live_Coal_in_the_Sea;http://dbpedia.org/resource/A_Ring_of_Endless_Light;http://dbpedia.org/resource/A_Severed_Wasp;http://dbpedia.org/resource/Meet_the_Austins;http://dbpedia.org/resource/The_Moon_by_Night;http://dbpedia.org/resource/The_Small_Rain;http://dbpedia.org/resource/The_Young_Unicorns,1918,1945
171,http://dbpedia.org/resource/Vikram_Seth,http://dbpedia.org/resource/The_Humble_Administrator's_Garden,1952,1985
172,http://dbpedia.org/resource/Stanley_Middleton,http://dbpedia.org/resource/Holiday_(novel),1919,1974
173,http://dbpedia.org/resource/T._C._Boyle,http://dbpedia.org/resource/The_Tortilla_Curtain;http://dbpedia.org/resource/Water_Music_(novel),1948,1982
174,http://dbpedia.org/resource/Steven_Saylor,http://dbpedia.org/resource/A_Mist_of_Prophecies;http://dbpedia.org/resource/A_Murder_on_the_Appian_Way;http://dbpedia.org/resource/Arms_of_Nemesis;http://dbpedia.org/resource/Last_Seen_in_Massilia;http://dbpedia.org/resource/Raiders_of_the_Nile;http://dbpedia.org/resource/Roman_Blood;http://dbpedia.org/resource/The_House_of_the_Vestals;http://dbpedia.org/resource/The_Judgment_of_Caesar;http://dbpedia.org/resource/The_Triumph_of_Caesar;http://dbpedia.org/resource/The_Venus_Throw;http://dbpedia.org/resource/Wrath_of_the_Furies;http://dbpedia.org/resource/Catilina's_Riddle;http://dbpedia.org/resource/Empire_(Saylor_novel);http://dbpedia.org/resource/Rubicon_(Saylor_novel);http://dbpedia.org/resource/The_Seven_Wonders_(Saylor_novel),1956,1991
175,http://dbpedia.org/resource/Susan_Hill,http://dbpedia.org/resource/A_Change_for_the_Better;http://dbpedia.org/resource/Air_and_Angels;http://dbpedia.org/resource/In_the_Springtime_of_the_Year;http://dbpedia.org/resource/Mrs_de_Winter;http://dbpedia.org/resource/The_Albatross;http://dbpedia.org/resource/The_Boy_Who_Taught_the_Beekeeper_to_Read;http://dbpedia.org/resource/The_Enclosure;http://dbpedia.org/resource/The_Man_in_the_Picture;http://dbpedia.org/resource/The_Mist_in_the_Mirror;http://dbpedia.org/resource/The_Service_of_Clouds;http://dbpedia.org/resource/The_Small_Hand;http://dbpedia.org/resource/The_Various_Haunts_of_Men;http://dbpedia.org/resource/Black_Sheep_(Hill_novel);http://dbpedia.org/resource/I'm_the_King_of_the_Castle;http://dbpedia.org/resource/Strange_Meeting_(novel);http://dbpedia.org/resource/The_Beacon_(novel),1942,1961
176,http://dbpedia.org/resource/Timothy_Brook,http://dbpedia.org/resource/Praying_for_Power,1951,1994
177,http://dbpedia.org/resource/Adam_Roberts_(British_writer),http://dbpedia.org/resource/Land_of_the_Headless;http://dbpedia.org/resource/The_Soddit;http://dbpedia.org/resource/On_(novel);http://dbpedia.org/resource/Splinter_(novel);http://dbpedia.org/resource/Stone_(novel);http://dbpedia.org/resource/The_Snow_(novel),1965,2001
178,http://dbpedia.org/resource/Peter_Watts_(author),http://dbpedia.org/resource/Echopraxia_(novel),1958,2014
179,http://dbpedia.org/resource/Peter_Robinson_(novelist),http://dbpedia.org/resource/Caedmon's_Song,1950,1990
180,http://dbpedia.org/resource/William_Least_Heat-Moon,http://dbpedia.org/resource/Blue_Highways,1939,1982
181,http://dbpedia.org/resource/Walter_Jon_Williams,http://dbpedia.org/resource/Aristoi_(novel);http://dbpedia.org/resource/City_on_Fire_(Williams_novel);http://dbpedia.org/resource/Knight_Moves_(novel);http://dbpedia.org/resource/Metropolitan_(novel),1953,1985
182,http://dbpedia.org/resource/Daniel_Abraham_(author),http://dbpedia.org/resource/Hunter's_Run,1969,2007
183,http://dbpedia.org/resource/John_Peel_(writer),http://dbpedia.org/resource/Star_Wars_Journal:_The_Fight_for_Justice;http://dbpedia.org/resource/The_Gallifrey_Chronicles_(1991_book);http://dbpedia.org/resource/Timewyrm:_Genesys,1954,1991
184,http://dbpedia.org/resource/William_Brinkley,http://dbpedia.org/resource/Don't_Go_Near_the_Water_(novel);http://dbpedia.org/resource/The_Last_Ship_(novel),1917,1956
